first_name,last_name,address,gender
Zelig,Hoffmann,15th Floor,Male
Morley,Jannings,Suite 87,Male
Bil,Plewes,PO Box 64892,Male
Bram,Neggrini,Apt 243,Male
Kaycee,Stiegar,PO Box 56462,Female
Pieter,Metson,Suite 23,Male
Damita,Mose,8th Floor,Female
Sergent,Tressler,Room 1,Male
Blondie,Kubin,Apt 647,Female
Barret,d'Escoffier,PO Box 27976,Male
Roselin,Cleworth,Apt 506,Female
Davina,Miskin,PO Box 76434,Female
Abdul,de Guerre,11th Floor,Male
Salmon,Mc Giffin,PO Box 59184,Male
Llewellyn,Jiggen,PO Box 76510,Male
Ania,Le Fleming,Room 1523,Female
Dulce,Briant,Room 58,Female
Marve,Hrinishin,Room 1274,Male
Jackelyn,Leonida,7th Floor,Female
Ive,Cawse,Suite 99,Male
